Artist,Followers
The Beatles,615
Bob Dylan,389
The Rolling Stones,319
David Bowie,238
Led Zeppelin,221
Jimi Hendrix,201
The Kinks,192
The Beach Boys,186
Hank Williams,184
The Velvet Underground,181
Black Sabbath,171
Marvin Gaye,169
Elvis Presley,166
Miles Davis,160
Chuck Berry,159
The Byrds,158
James Brown,154
Sex Pistols,153
The Who,149
Neil Young,148
Pink Floyd,142
Stevie Wonder,138
The Clash,136
Brian Eno,135
Sam Cooke,128
Ramones,127
John Coltrane,118
The Stooges,116
Joni Mitchell,116
Muddy Waters,113
Ray Charles,113
Johnny Cash,112
Metallica,112
Nirvana,111
Kraftwerk,108
Billie Holiday,106
The Yardbirds,105
Roxy Music,103
Michael Jackson,101
Merle Haggard,100
Otis Redding,99
Howlin' Wolf,99
Buddy Holly,97
Aretha Franklin,95
Deep Purple,95
Charlie Parker,95
Prince,94
Black Flag,93
Cream,91
Kiss,89
Little Richard,88
R.E.M.,85
Joy Division,84
Smokey Robinson,84
The Smiths,83
The Band,82
U2,81
Woody Guthrie,80
The Cure,80
Al Green,78
Queen,77
George Jones,77
Madonna,77
Elton John,76
Big Star,75
Ella Fitzgerald,75
New Order,74
The Doors,74
Curtis Mayfield,73
Judas Priest,73
Pixies,72
Frank Sinatra,71
Sonic Youth,71
T. Rex,71
Bruce Springsteen,70
Iron Maiden,69
Slayer,69
Alice Cooper,68
Talking Heads,68
Sly & the Family Stone,67
Aerosmith,67
Willie Nelson,66
Nat King Cole,65
Bo Diddley,65
AC/DC,65
Green Day,65
Leonard Cohen,64
MC5,64
Burt Bacharach,63
Van Morrison,63
Frank Zappa,63
Blondie,62
John Lee Hooker,62
Dizzy Gillespie,61
Wire,60
Grateful Dead,60
Nick Drake,60
Janet Jackson,59
Elvis Costello,59
Bill Monroe,59
New York Dolls,59
The Replacements,58
Lou Reed,58
Cheap Trick,56
The Temptations,55
The Zombies,55
Radiohead,55
MotÃ¶rhead,55
Jimmy Reed,55
B.B. King,54
Van Halen,54
Carole King,54
Jackie Wilson,54
Louis Jordan,53
Jerry Lee Lewis,53
The Allman Brothers Band,53
James Taylor,53
The Everly Brothers,53
Ernest Tubb,52
Diana Ross,52
Nina Simone,52
Thelonious Monk,51
Can,51
The Police,51
My Bloody Valentine,51
Elmore James,51
Lester Young,51
Gram Parsons,51
Carl Perkins,51
Fats Domino,51
Iggy Pop,50
King Crimson,50
Patsy Cline,50
Paul Simon,50
Waylon Jennings,50
Television,50
Roy Acuff,50
HÃ¼sker DÃ¼,49
Dolly Parton,49
Depeche Mode,49
Bee Gees,49
Tom Waits,48
"Lee ""Scratch"" Perry",48
T-Bone Walker,48
Parliament,48
Pete Seeger,47
George Strait,47
Minor Threat,47
Roy Orbison,47
Loretta Lynn,47
The Drifters,47
Fleetwood Mac,47
Gary Numan,46
The Isley Brothers,46
Eric Clapton,46
Simon & Garfunkel,46
Ornette Coleman,45
Dinah Washington,45
The Damned,45
Jeff Beck,45
Patti Smith,45
Sarah Vaughan,45
Whitney Houston,45
The Hollies,45
Funkadelic,44
Alice in Chains,44
Peter Gabriel,44
The Jam,43
BjÃ¶rk,43
Yes,43
Eddie Cochran,43
Chet Atkins,42
Soundgarden,42
Buck Owens,42
Suicide,42
Fugazi,42
Mariah Carey,42
Eagles,42
Pearl Jam,41
Gang of Four,41
Jane's Addiction,40
Buddy Guy,40
Echo & the Bunnymen,40
Thin Lizzy,40
John Lennon,40
Bob Wills,40
Weezer,40
Cocteau Twins,40
The Animals,39
Emmylou Harris,39
Siouxsie and the Banshees,39
Tom Petty,39
Lynyrd Skynyrd,39
Red Hot Chili Peppers,39
The Cars,38
R. Kelly,38
Garth Brooks,38
Luther Vandross,38
Donovan,38
Bud Powell,38
Wilson Pickett,38
The Flying Burrito Brothers,37
Chaka Khan,37
The Platters,37
Genesis,37
Chic,37
Faith No More,37
Korn,37
Willie Dixon,37
Etta James,37
TLC,37
Fred Neil,37
Buffalo Springfield,37
Pantera,37
Bill Evans,37
Albert King,36
Gladys Knight,36
Bad Brains,36
Art Blakey,36
Kate Bush,36
Lefty Frizzell,36
Gil Evans,36
blink-182,36
Gene Vincent,36
Peter Tosh,35
Isaac Hayes,35
Descendents,35
Dinosaur Jr.,35
The Jesus and Mary Chain,35
Janis Joplin,35
Lightnin' Hopkins,35
Joan Baez,35
Roberta Flack,35
Bad Religion,35
"Earth, Wind & Fire",35
The Mills Brothers,35
Teddy Pendergrass,35
Creedence Clearwater Revival,35
Jimmy Cliff,35
Randy Newman,35
Charlie Christian,35
Randy Travis,35
Pretenders,34
Mary J. Blige,34
Tangerine Dream,34
Terry Riley,34
Jackson Browne,34
Roy Brown,34
AntÃ´nio Carlos Jobim,34
Ã‰dith Piaf,34
Nine Inch Nails,34
Donna Summer,34
Dead Kennedys,34
John Cage,34
Captain Beefheart,34
Bill Withers,33
Billy Eckstine,33
Sunny Day Real Estate,33
Love,33
Toots & the Maytals,33
XTC,33
The Supremes,33
Deftones,33
Foo Fighters,33
Rush,33
"Crosby, Stills & Nash",33
Kitty Wells,33
Minnie Riperton,32
The Jackson 5,32
Dionne Warwick,32
Flatt & Scruggs,32
Massive Attack,32
Dusty Springfield,32
Faces,32
Sun Ra,32
Laura Nyro,32
Tammy Wynette,32
Santana,32
Horace Silver,32
Free,32
The Shangri-Las,32
Pavement,31
Quincy Jones,31
The Fall,31
X,31
Herbie Hancock,31
Tim Hardin,31
Donny Hathaway,31
Bad Company,31
Coldplay,31
Alabama,31
Venom,31
Linda Ronstadt,31
Guns N' Roses,31
Bobby Brown,30
Smashing Pumpkins,30
Barry White,30
The Moody Blues,30
Fairport Convention,30
Scott Walker,30
Small Faces,30
Ennio Morricone,30
The Flaming Lips,30
The Impressions,30
Jimmy Eat World,30
Ultravox,30
Conway Twitty,30
Anthrax,30
Ray Price,30
Townes Van Zandt,30
Usher,29
Britney Spears,29
Rage Against the Machine,29
Paul McCartney,29
Ramblin' Jack Elliott,29
The Meters,29
Sonny Rollins,29
Vince Gill,29
Rod Stewart,29
Bonnie Raitt,29
Neu!,29
NOFX,29
The Skatalites,29
Peggy Lee,29
Mott the Hoople,29
Slade,29
Todd Rundgren,28
Sade,28
The Louvin Brothers,28
Def Leppard,28
Public Image Ltd.,28
Blue Cheer,28
The Specials,28
Duran Duran,28
Tony Bennett,28
The Human League,28
Ewan MacColl,28
Elliott Smith,28
Max Roach,28
John Mayall,28
Grand Funk Railroad,28
"Hank Williams, Jr.",28
Ozzy Osbourne,27
Portishead,27
Electric Light Orchestra,27
Misfits,27
Jodeci,27
JoÃ£o Gilberto,27
The Stanley Brothers,27
The Ronettes,27
Squeeze,27
Giorgio Moroder,27
Tina Turner,27
Badfinger,27
MÃ¶tley CrÃ¼e,27
Alan Jackson,27
Beck,27
Cab Calloway,27
Ohio Players,27
Kris Kristofferson,27
Aaliyah,27
The Stone Roses,27
Melvins,27
Otis Rush,26
D'Angelo,26
Daft Punk,26
Davy Graham,26
Boston,26
Ministry,26
Dean Martin,26
Boyz II Men,26
Jawbreaker,26
Bert Jansch,26
King Tubby,26
ABBA,26
Charles Mingus,26
Solomon Burke,26
Tool,26
Cannonball Adderley,26
Oscar Peterson,26
Pere Ubu,26
Patti LaBelle,26
Silver Apples,25
Jacques Brel,25
Pet Shop Boys,25
The Modern Lovers,25
Keith Sweat,25
John Prine,25
The Move,25
Tim Buckley,25
Jefferson Airplane,25
Odetta,25
Wes Montgomery,25
Happy Mondays,25
Sam & Dave,25
Madness,25
The Seeds,25
Tom Paxton,24
The O'Jays,24
Steve Reich,24
U-Roy,24
The Fugs,24
Megadeth,24
Little Feat,24
Steely Dan,24
Jeff Buckley,24
Jerry Butler,24
Oasis,24
They Might Be Giants,24
Aphex Twin,24
Stan Kenton,24
Sweet,24
New Edition,24
Steppenwolf,24
Sebadoh,24
Babyface,24
Slim Harpo,23
Doc Watson,23
Suicidal Tendencies,23
Christina Aguilera,23
Killing Joke,23
Tori Amos,23
Talk Talk,23
ZZ Top,23
Soft Machine,23
Clint Black,23
Rufus Thomas,23
Stone Temple Pilots,23
Morrissey,23
Daryl Hall & John Oates,23
Sting,23
Bobby Womack,23
Throbbing Gristle,23
Fela Kuti,23
Traffic,23
Billy Joel,23
Wynonie Harris,23
Mission of Burma,23
Ted Nugent,23
Spice Girls,22
The Coasters,22
Fiona Apple,22
Fishbone,22
PJ Harvey,22
Desmond Dekker,22
Erroll Garner,22
Link Wray,22
Bob Seger,22
Serge Gainsbourg,22
Son House,22
Iron Butterfly,22
Johnny Mathis,22
Justin Timberlake,22
Suzanne Vega,22
George Michael,22
Tim McGraw,22
Dave Van Ronk,22
The Incredible String Band,22
Glen Campbell,22
Lena Horne,22
The Shadows,22
En Vogue,22
Nick Cave,22
Circle Jerks,22
Vanilla Fudge,22
Journey,22
Alanis Morissette,22
Brenda Lee,22
Percy Mayfield,22
Nico,22
Creed,22
Blue Ã–yster Cult,22
Brandy,22
Orchestral Manoeuvres in the Dark,22
Allen Toussaint,22
Ruth Brown,22
808 State,22
Cabaret Voltaire,22
The Ink Spots,21
Helmet,21
Petula Clark,21
The Kingston Trio,21
Crystal Gayle,21
Keith Whitley,21
Celia Cruz,21
Burl Ives,21
Guided by Voices,21
Tito Puente,21
Ravi Shankar,21
Hawkwind,21
The Left Banke,21
Astrud Gilberto,21
Beth Orton,21
Anita Baker,21
"Bobby ""Blue"" Bland",21
Operation Ivy,21
New Kids on the Block,21
Screamin' Jay Hawkins,21
Chet Baker,21
John Fahey,21
Marty Robbins,21
Sepultura,21
The Lovin' Spoonful,21
Sham 69,21
Mose Allison,20
Gregory Isaacs,20
Freddie Mercury,20
George Benson,20
Robert Plant,20
Robert Fripp,20
Stiff Little Fingers,20
Ralph Stanley,20
Spike Jones,20
Steve Earle,20
The Beau Brummels,20
Bobby Darin,20
Jim Reeves,20
Neil Diamond,20
Shania Twain,20
The Monkees,20
Ben E. King,20
Jimmy Smith,20
The Cramps,20
Duane Eddy,20
The 13th Floor Elevators,20
Blur,20
Webb Pierce,20
Humble Pie,20
Reba McEntire,20
Little Walter,20
Styx,20
Sparks,20
Spiritualized,20
Phil Ochs,20
The Shirelles,20
Bauhaus,20
Mary Wells,20
The Flamingos,20
Social Distortion,19
Tanya Tucker,19
Guy Clark,19
Hank Snow,19
Scorpions,19
Wanda Jackson,19
Ben Folds,19
John Holt,19
Ritchie Valens,19
Rainbow,19
Cat Power,19
Charles Aznavour,19
Ike & Tina Turner,19
Orange Juice,19
Heart,19
Dixie Chicks,19
Devo,19
Henry Mancini,19
Eurythmics,19
Erykah Badu,19
Uncle Tupelo,19
Billy Bragg,19
Kenny Rogers,19
The Chemical Brothers,19
The Spinners,19
Everything But the Girl,19
Counting Crows,19
Teena Marie,19
Jawbox,19
The Runaways,19
Stevie Nicks,19
Brian McKnight,19
Guy,19
Ahmad Jamal,19
Ben Webster,19
The Pretty Things,19
Primal Scream,19
Annie Lennox,18
Ride,18
Dr. Feelgood,18
Jonathan Richman,18
Little Jimmy Scott,18
Brian Wilson,18
Celtic Frost,18
Roy Rogers,18
Jimmy Buffett,18
Mel TormÃ©,18
Ian & Sylvia,18
Robert Wyatt,18
Stan Getz,18
Dave Matthews Band,18
Big Audio Dynamite,18
Dio,18
Ricky Skaggs,18
Meat Puppets,18
Mountain,18
Harry Nilsson,18
Red Foley,18
Patty Loveless,18
Eddy Arnold,18
Professor Longhair,18
Tracy Chapman,18
DJ Shadow,18
Billy Joe Shaver,18
Dire Straits,18
Don Williams,18
Minutemen,18
Charlie Daniels,18
The Moonglows,18
Sarah McLachlan,18
Sly & Robbie,18
John Mellencamp,18
Freddie King,18
Cyndi Lauper,18
Kylie Minogue,18
Mick Jagger,17
Sheryl Crow,17
"Emerson, Lake & Palmer",17
Anita O'Day,17
? & the Mysterians,17
Beat Happening,17
Procol Harum,17
Saint Etienne,17
The English Beat,17
Dion,17
James Cleveland,17
The Pogues,17
Bunny Wailer,17
Ann Peebles,17
Weather Report,17
John Barry,17
Mercyful Fate,17
Gwen Stefani,17
The Judds,17
Faith Hill,17
Lalo Schifrin,17
The Strokes,17
Dexter Gordon,17
Dwight Yoakam,17
The Dells,17
Bootsy Collins,17
Pennywise,17
Mississippi Fred McDowell,17
Hank Thompson,17
Be Bop Deluxe,17
Pat Benatar,17
Johnny Winter,17
Prince Buster,17
Mr. Bungle,17
John Martyn,17
Roy Eldridge,17
Ace of Base,17
David Allan Coe,17
Barbra Streisand,17
Take That,17
Primus,17
Carly Simon,17
Rosemary Clooney,17
Rites of Spring,17
The Get Up Kids,17
The J.B.'s,17
Big Black,17
The Teardrop Explodes,16
CÃ©line Dion,16
Johnny Paycheck,16
Travis Tritt,16
The Art of Noise,16
AndraÃ© Crouch,16
Kool & the Gang,16
The Mamas & the Papas,16
Alton Ellis,16
INXS,16
Bette Midler,16
Wham!,16
Cameo,16
Amy Grant,16
Joe Jackson,16
Steve Winwood,16
King Curtis,16
The 5th Dimension,16
Roger Miller,16
Stereolab,16
Mike Oldfield,16
Elizabeth Cotten,16
Billy Squier,16
Dick Dale,16
Destiny's Child,16
Martina McBride,16
Rickie Lee Jones,16
The Promise Ring,16
Julio Iglesias,16
America,16
PÃ©rez Prado,16
Marilyn Manson,16
The Dillards,16
Bon Jovi,16
David Lee Roth,16
Tom T. Hall,16
Slim Gaillard,16
7 Seconds,16
Ken Boothe,16
311,16
Judy Collins,16
Don Covay,16
Violent Femmes,16
Moondog,16
Live,16
George Duke,16
Stevie Ray Vaughan,16
Bernard Herrmann,16
Dr. John,16
The Staple Singers,16
Aimee Mann,16
Gloria Estefan,16
10cc,15
The Wailers,15
Faron Young,15
Irma Thomas,15
Butthole Surfers,15
Os Mutantes,15
Danzig,15
Kid Rock,15
Burning Spear,15
Crass,15
Smokey Robinson & the Miracles,15
Dashboard Confessional,15
J.J. Cale,15
Dennis Brown,15
The Kingsmen,15
Crazy Horse,15
Yo La Tengo,15
Aswad,15
Keith Richards,15
Johnny Mercer,15
Chicago,15
Sublime,15
Booker T. Jones,15
Raphael Saadiq,15
Elvin Jones,15
Neil Sedaka,15
Betty Wright,15
Clifford Brown,15
Missy Elliott,15
Charlie Rich,15
Johnny Hartman,15
X-Ray Spex,15
The Sonics,15
The Maddox Brothers & Rose,15
Daniel Johnston,15
Sonny Stitt,15
Perry Como,15
Agnostic Front,15
Albert Collins,15
The Clancy Brothers,15
The Clovers,15
The Dave Clark Five,15
Kenny Chesney,15
Mahavishnu Orchestra,15
Frank Black,15
Don Byas,15
Michael W. Smith,15
Flamin' Groovies,15
The Vandals,15
Barenaked Ladies,15
Them,14
Dave Brubeck,14
Jethro Tull,14
War,14
McCoy Tyner,14
Lucinda Williams,14
Blues Traveler,14
Crowded House,14
Rodney Crowell,14
Sammy Hagar,14
Lee Hazlewood,14
Jean Ritchie,14
Skinny Puppy,14
Carpenters,14
Pat Boone,14
The Turtles,14
Japan,14
Georgie Fame,14
Wishbone Ash,14
Brooks & Dunn,14
The Slits,14
The Chieftains,14
AFI,14
Chrome,14
Mudhoney,14
Natalie Cole,14
Mongo Santamaria,14
Faith Evans,14
Bell Biv DeVoe,14
Van der Graaf Generator,14
Merle Travis,14
Jimmy Webb,14
Poco,14
Horace Andy,14
Manowar,14
John Cale,14
Barry Manilow,14
George Clinton,14
Fats Navarro,14
John Lewis,14
Andrew Lloyd Webber,14
Johnny Horton,14
Shirley Caesar,14
Toni Braxton,14
The Doobie Brothers,14
Hatebreed,14
Modest Mouse,14
The Durutti Column,14
Labelle,14
Little Willie John,14
The Verve,14
Death,14
Al B. Sure!,14
Richie Havens,14
The Soft Boys,14
Guitar Slim,14
Elis Regina,14
Gerry Mulligan,14
Mercury Rev,14
Bread,14
Backstreet Boys,14
Ani DiFranco,14
Herman's Hermits,14
Cliff Richard,14
Moby Grape,14
Avril Lavigne,14
BeyoncÃ©,14
Bathory,14
The Clean,14
Freddie Hubbard,14
Roscoe Holcomb,14
Tal Farlow,14
Barney Kessel,14
Jimmy Page,14
"10,000 Maniacs",14
Yellow Magic Orchestra,14
Marlene Dietrich,14
Raymond Scott,14
Lee Dorsey,14
Twisted Sister,14
Paul Weller,13
Gil Scott-Heron,13
RubÃ©n Blades,13
Steel Pulse,13
The Troggs,13
Limp Bizkit,13
Marianne Faithfull,13
Lou Rawls,13
"Grover Washington, Jr.",13
Big Mama Thornton,13
Gary Stewart,13
Joe Ely,13
Biohazard,13
Eric Dolphy,13
Neneh Cherry,13
NRBQ,13
Terence Trent D'Arby,13
Superchunk,13
Split Enz,13
Van Dyke Parks,13
Nancy Sinatra,13
ABC,13
Vangelis,13
Gordon Lightfoot,13
Yellowman,13
Caetano Veloso,13
Shabba Ranks,13
Beny MorÃ©,13
The Go-Betweens,13
George Harrison,13
Richard Hell,13
The Partridge Family,13
Sister Rosetta Tharpe,13
Air,13
Liz Phair,13
"Blood, Sweat & Tears",13
Engelbert Humperdinck,13
REO Speedwagon,13
Andy Williams,13
Sandy Denny,13
Ronnie Milsap,13
Milton Nascimento,13
Candlebox,13
Shirley Collins,13
The Residents,13
Del Shannon,13
The Righteous Brothers,13
The Marvelettes,13
Soft Cell,13
Jack Bruce,13
Commodores,13
Fear Factory,13
Lorrie Morgan,13
Jackson C. Frank,13
"Clarence ""Gatemouth"" Brown",13
Carmen McRae,13
Selena,13
Slint,13
Kenny Burrell,13
The Dickies,13
Red House Painters,13
The Stranglers,13
P!nk,13
Philip Glass,13
Corrosion of Conformity,13
Napalm Death,13
Foreigner,13
Rick James,13
Keith Jarrett,13
SinÃ©ad O'Connor,13
MxPx,13
Rancid,13
Bowling for Soup,13
The Birthday Party,13
Galaxie 500,13
Collective Soul,12
The Standells,12
Johnny Burnette,12
Discharge,12
Peter Hammill,12
Bruce Cockburn,12
Brinsley Schwarz,12
Gerry & the Pacemakers,12
James Burton,12
James Gang,12
Johnny Ace,12
Neutral Milk Hotel,12
Roy Harper,12
The Marshall Tucker Band,12
Eddie Rabbitt,12
Eddie Palmieri,12
Nick Lowe,12
Harry Belafonte,12
Wynonna,12
The Osmonds,12
Boards of Canada,12
Tricky,12
"Johnny ""Guitar"" Watson",12
Ry Cooder,12
Eels,12
Cher,12
The Chantels,12
David Gray,12
George Carlin,12
Widespread Panic,12
Phish,12
The Undertones,12
Terry Callier,12
Larry Levan,12
Eddie Money,12
Hubert Sumlin,12
Charley Pride,12
Marilyn Monroe,12
John Anderson,12
J.B. Lenoir,12
Lionel Richie,12
Elmer Bernstein,12
Otis Spann,12
Gene Pitney,12
The Exploited,12
O.V. Wright,12
Percy Sledge,12
Harold Budd,12
Barrington Levy,12
Stephen Stills,12
Hole,12
The Only Ones,12
Everclear,12
Young Marble Giants,12
Compay Segundo,12
The Stylistics,12
White Zombie,12
Testament,12
Wipers,12
Don Henley,12
Anne Murray,12
Trisha Yearwood,12
Joan Armatrading,12
At the Gates,12
Shirley Bassey,12
Jody Watley,12
Kate & Anna McGarrigle,12
Dave Mason,12
Albert Ayler,12
The Four Freshmen,12
Amos Milburn,12
Jo Stafford,12
Betty Davis,11
Illinois Jacquet,11
Carmen Miranda,11
Johnnie Ray,11
Patti Austin,11
The Monks,11
The Mighty Mighty Bosstones,11
Jerry Cantrell,11
Jane Birkin,11
Hazel Dickens,11
Lenny Kravitz,11
The Psychedelic Furs,11
June Carter Cash,11
Canned Heat,11
Rufus,11
Magazine,11
Frankie Lymon,11
Swans,11
Kirk Franklin,11
Petra,11
Camper Van Beethoven,11
The All-American Rejects,11
Sick of It All,11
Carla Thomas,11
Bob Weir,11
Uriah Heep,11
The Heptones,11
LaVern Baker,11
Sandie Shaw,11
ManÃ¡,11
Richard Thompson,11
Steve Wariner,11
The Archies,11
Ray Brown,11
Joan Osborne,11
Teenage Fanclub,11
Culture Club,11
The Waterboys,11
The Guess Who,11
Levon Helm,11
Spin Doctors,11
Bay City Rollers,11
Luis Miguel,11
Philly Joe Jones,11
Shawn Colvin,11
Roy Haynes,11
The Cardigans,11
Liza Minnelli,11
Jellyfish,11
Billy Preston,11
George Shearing,11
The Weirdos,11
Billy Fury,11
Johnny Kidd & the Pirates,11
Monica,11
Buffy Sainte-Marie,11
Vassar Clements,11
Ramsey Lewis,11
Bush,11
Josef K,11
Quicksand,11
Little Anthony & the Imperials,11
Ricky Van Shelton,11
Lynn Anderson,11
Screaming Trees,11
Melissa Etheridge,11
Pam Tillis,11
Jim & Jesse,11
Carl Smith,11
BÃ©la Fleck,11
Bryan Ferry,11
Underworld,11
Matchbox Twenty,11
Menudo,11
Chick Corea,11
Bobbie Gentry,11
The Oak Ridge Boys,11
Pentagram,11
Generation X,11
Hoyt Axton,11
David Essex,11
The dB's,11
Saxon,11
Elastica,11
Doris Day,11
The Delfonics,11
Eric Burdon,11
Hanoi Rocks,11
Del McCoury,11
Julie London,10
Don McLean,10
Robert Earl Keen,10
Alan Lomax,10
Refused,10
Nada Surf,10
Karen Dalton,10
Phoebe Snow,10
Eek-A-Mouse,10
Miriam Makeba,10
Gerald Levert,10
Cisco Houston,10
JosÃ© Feliciano,10
Yoko Ono,10
John McLaughlin,10
The Action,10
Saint Vitus,10
Gene Chandler,10
Sneaker Pimps,10
The Ventures,10
Placebo,10
The Raincoats,10
Helen Forrest,10
Cowboy Junkies,10
Grant Lee Buffalo,10
Hot Tuna,10
Hank Jones,10
Jackie DeShannon,10
The Association,10
Toby Keith,10
Ween,10
Tears for Fears,10
Pulp,10
Big Joe Williams,10
Inspiral Carpets,10
Montrose,10
The Bonzo Dog Band,10
Rob Zombie,10
Cock Sparrer,10
Toad the Wet Sprocket,10
Derek & the Dominos,10
Quicksilver Messenger Service,10
The Dubliners,10
Blackstreet,10
Fear,10
The White Stripes,10
The Selecter,10
Bobby Bare,10
Joe Cocker,10
Edgar Winter,10
Leon Russell,10
Johnny Thunders & the Heartbreakers,10
Graham Central Station,10
No Doubt,10
Chuck Mangione,10
Joe Williams,10
Billy Strayhorn,10
John Mayer,10
Harry James,10
Roy Ayers,10
Throwing Muses,10
Rosanne Cash,10
Deniece Williams,10
Roger McGuinn,10
HÃ©ctor Lavoe,10
Spinal Tap,10
Swell Maps,10
Dead Boys,10
Brook Benton,10
Indigo Girls,10
Pharoah Sanders,10
Saves the Day,10
"Oscar Brown, Jr.",10
Janis Ian,10
"Peter, Paul and Mary",10
SWV,10
Vern Gosdin,10
Derrick Morgan,10
Johnny Otis,10
Pharrell Williams,10
Yello,10
Juan Gabriel,10
Jimmy Martin,10
Dan Penn,10
Ron Carter,10
George Russell,10
Liquid Liquid,10
Tesla,10
Living Colour,10
Bachman-Turner Overdrive,10
Frankie Knuckles,10
Jack Kerouac,10
Lalah Hathaway,10
The Mountain Goats,10
UFO,10
U.K. Subs,10
Death Cab for Cutie,10
Julie Andrews,10
The Offspring,10
Jerry Garcia,10
Nancy Wilson,10
Dave Edmunds,10
Gloria Gaynor,10
Dave Grusin,10
The Pointer Sisters,10
Sylvester,10
Kathy Mattea,10
Steve Martin,10
The Cult,10
Fatboy Slim,10
Yaz,10
The Jordanaires,10
Jan & Dean,9
Entombed,9
Mojave 3,9
Shalamar,9
John Fogerty,9
Jamiroquai,9
Archie Bell & the Drells,9
Prefab Sprout,9
Meat Loaf,9
The Rascals,9
Earl Thomas Conley,9
The Buckinghams,9
John Hiatt,9
Warren Zevon,9
Bananarama,9
Soul Asylum,9
Big Maybelle,9
James,9
Bob James,9
Status Quo,9
Popol Vuh,9
Rick Wakeman,9
Incubus,9
A Flock of Seagulls,9
Thomas Dolby,9
Bernadette Peters,9
Sister Sledge,9
Sheena Easton,9
Blind Melon,9
Morcheeba,9
Howard Jones,9
The Penguins,9
Crash Test Dummies,9
Pete Townshend,9
Shuggie Otis,9
Debbie Gibson,9
Morbid Angel,9
Basement Jaxx,9
Mannheim Steamroller,9
Les McCann,9
The Gun Club,9
Richard Pryor,9
Steve Goodman,9
Mary Chapin Carpenter,9
Billy Lee Riley,9
Olivia Newton-John,9
"Harry Connick, Jr.",9
Louis Prima,9
The Red Krayola,9
Junior Wells,9
Natalie Imbruglia,9
Ben Harper,9
Jim Croce,9
Vision of Disorder,9
Blind Faith,9
Frankie Goes to Hollywood,9
Thompson Twins,9
Front 242,9
Stanley Clarke,9
Nanci Griffith,9
Billy Idol,9
*NSYNC,9
KC & the Sunshine Band,9
Jennifer Lopez,9
Paula Abdul,9
James Cotton,9
Bill Cosby,9
Erasure,9
Rihanna,9
Jack Johnson,9
The Boomtown Rats,9
The Sweet Inspirations,9
Grace Jones,9
Gong,9
VinÃ­cius de Moraes,9
Nina Hagen,9
Peabo Bryson,9
Alien Sex Fiend,9
Cal Tjader,9
Tom Tom Club,9
Ronnie Lane,9
Alpha Blondy,9
Michael Franks,9
Don Cherry,9
StÃ©phane Grappelli,9
Keely Smith,9
Charlie Feathers,9
The House of Love,9
Ethel Merman,9
The Searchers,9
Joe Tex,9
The Jayhawks,9
Sam the Sham & the Pharaohs,9
The Lemonheads,9
Eartha Kitt,9
Bikini Kill,9
The Housemartins,9
Soul II Soul,9
Christian Death,9
Freddy Fender,9
Wayne Shorter,9
Jerry Goldsmith,9
Gary Glitter,9
Helen Ward,9
Frankie Paul,9
George Winston,9
Concrete Blonde,9
Paul Westerberg,9
Ian Hunter,9
Kevin Ayers,9
Bruce Hornsby,9
Roky Erickson,9
Jimmy Witherspoon,9
Gene Simmons,9
The Sugarcubes,9
Steeleye Span,9
Loudon Wainwright III,9
Herbie Mann,9
Gene Clark,9
The Paragons,9
Rick Springfield,9
Robin Trower,9
Strung Out,9
Hank Ballard,9
The Pastels,9
The Cadillacs,9
Barbara Mandrell,9
Ten Years After,9
The Free Design,9
Melanie,9
FranÃ§oise Hardy,9
Doug Sahm,9
The Creation,9
Renaissance,9
Ian Dury,9
Jerry Jeff Walker,9
The Winans,9
Aztec Camera,9
KMFDM,8
Big Youth,8
Sum 41,8
Amy Winehouse,8
Benny Golson,8
Spyro Gyra,8
Esther Phillips,8
Blossom Dearie,8
Phil Collins,8
Slipknot,8
Augustus Pablo,8
Cake,8
Mark Lanegan,8
The Music Machine,8
Lennie Tristano,8
Budgie,8
Bukka White,8
Little Milton,8
Jackie McLean,8
Leo Sayer,8
Ben Lee,8
Toto,8
The Knack,8
Ned's Atomic Dustbin,8
Joe Sample,8
Ryuichi Sakamoto,8
Tom Jones,8
Robert Palmer,8
W.A.S.P.,8
Debbie Harry,8
MFSB,8
Cachao,8
Greg Brown,8
Woody Herman,8
David Byrne,8
Luciano Pavarotti,8
Nana Mouskouri,8
Harold Melvin,8
The Killers,8
Los Tigres del Norte,8
Joe Strummer,8
The Dictators,8
Jeff Lynne,8
Todd Terry,8
Paul Bley,8
The Feelies,8
Anvil,8
John Frusciante,8
Rollins Band,8
The Mavericks,8
The Orb,8
Mandy Moore,8
Larry Norman,8
A Certain Ratio,8
Hank Crawford,8
Lydia Lunch,8
Harold Arlen,8
Junior Parker,8
Lesley Gore,8
Harry Chapin,8
John Denver,8
Lee Wiley,8
Golden Earring,8
The Dream Syndicate,8
Pat Martino,8
Boz Scaggs,8
Lloyd Price,8
Joe Satriani,8
Adam Ant,8
Angelic Upstarts,8
Mother Maybelle Carter,8
Dag Nasty,8
Les Baxter,8
Alkaline Trio,8
Gal Costa,8
Chico Buarque,8
The New Christy Minstrels,8
The Adverts,8
Fred Hammond,8
Sandi Patty,8
The Black Crowes,8
Michael Bolton,8
Dave Bartholomew,8
Charlie Haden,8
Vashti Bunyan,8
Conflict,8
Nazareth,8
Rahsaan Roland Kirk,8
Connie Francis,8
Pentangle,8
ESG,8
Colin Blunstone,8
Clannad,8
Art Garfunkel,8
Kevin Coyne,8
Teddy Riley,8
Tiffany,8
The Whispers,8
Jaco Pastorius,8
Clark Terry,8
Lord Kitchener,8
My Chemical Romance,8
Christy Moore,8
Billy Paul,8
G. Love & Special Sauce,8
UNKLE,8
King Missile,8
Sonny Boy Williamson I,8
The Toasters,8
Less Than Jake,8
Lagwagon,8
The Roches,8
Atomic Kitten,8
Cluster,8
UB40,8
Rory Gallagher,8
Tammi Terrell,8
Maxine Sullivan,8
Tom Lehrer,8
Johnnie Taylor,8
Johnny Thunders,8
Eddie Floyd,8
D.O.A.,8
Hamza el Din,8
Soul Coughing,8
Lee Morgan,8
Cecil Taylor,8
Cissy Houston,8
Montell Jordan,8
Judee Sill,8
Magic Sam,8
Delbert McClinton,8
The Modern Jazz Quartet,8
Screeching Weasel,8
Dan Fogelberg,8
Paul Anka,8
Tommy Roe,8
Gene Ammons,8
Tom ZÃ©,8
Accept,8
The Church,8
Kansas,8
Malvina Reynolds,8
Tommy Makem,8
Graham Nash,8
Dexys Midnight Runners,7
The Prodigy,7
Willie ColÃ³n,7
Godflesh,7
The Legendary Pink Dots,7
Jeannie C. Riley,7
"Dave Dee, Dozy, Beaky, Mick & Tich",7
Gilberto Gil,7
Yngwie Malmsteen,7
Animal Collective,7
Wynton Kelly,7
Tevin Campbell,7
Liberace,7
Leonard Bernstein,7
Ric Ocasek,7
Jon Hendricks,7
Annihilator,7
Sparklehorse,7
Brenda Russell,7
M/A/R/R/S,7
Hot Chocolate,7
"Lambert, Hendricks & Ross",7
Joe Walsh,7
The New Lost City Ramblers,7
John Michael Montgomery,7
Return to Forever,7
Cheech & Chong,7
Seal,7
Bow Wow Wow,7
Bobby Charles,7
Dave Matthews,7
Marcos Valle,7
David Axelrod,7
The Mar-Keys,7
Tower of Power,7
Joe Maphis,7
Buckwheat Zydeco,7
Arthur Russell,7
Chubby Checker,7
Stanley Turrentine,7
Tony Williams,7
Porter Wagoner,7
The The,7
Air Supply,7
Lita Ford,7
Kings of Leon,7
Patty Griffin,7
The Proclaimers,7
Sam Bush,7
Maxwell,7
Jon Lucien,7
Ryan Adams,7
Mighty Sparrow,7
Manu Dibango,7
Earl King,7
Bright Eyes,7
Molly Hatchet,7
Terry Allen,7
Lee Greenwood,7
Tennessee Ernie Ford,7
Marshall Crenshaw,7
Kenny Clarke,7
Boyzone,7
Junior Murvin,7
Ginuwine,7
Chris Rea,7
Lindsey Buckingham,7
Oliver Nelson,7
New Riders of the Purple Sage,7
Connie Smith,7
Johnny Shines,7
Jerry Reed,7
The Wedding Present,7
Milt Jackson,7
Catherine Wheel,7
Tony Joe White,7
Howard Hewett,7
Gerry Rafferty,7
Luiz BonfÃ¡,7
Lorraine Ellison,7
Abbey Lincoln,7
Doris Troy,7
Jim Hall,7
Atomic Rooster,7
Spandau Ballet,7
Eros Ramazzotti,7
Tom Rush,7
Supergrass,7
Voivod,7
The Lightning Seeds,7
Peter Frampton,7
The Fleetwoods,7
Carlos Vives,7
Manfred Mann,7
Good Charlotte,7
Sleater-Kinney,7
Manic Street Preachers,7
The Congos,7
The Blue Nile,7
Steven Curtis Chapman,7
Jackie Mittoo,7
Vanessa Williams,7
Whitesnake,7
Harold Melvin & the Blue Notes,7
Don Gibson,7
Kay Starr,7
Psychic TV,7
112,7
Delaney & Bonnie,7
The Smithereens,7
Wings,7
Television Personalities,7
Leon Ware,7
Built to Spill,7
Martin Denny,7
David Grisman,7
Smog,7
Arlo Guthrie,7
System of a Down,7
Kyuss,7
Patty Smyth,7
Skeeter Davis,7
Leo Kottke,7
Captain & Tennille,7
Black Uhuru,7
Avail,7
Grant Green,7
Johnny Jenkins,7
Babes in Toyland,7
Cocoa Tea,7
Tommy James & the Shondells,7
Maurice Jarre,7
Fastball,7
Flipper,7
The Call,7
Willie Mitchell,7
Gino Vannelli,7
David Sanborn,7
Jo Dee Messina,7
Pegboy,7
In Flames,7
The Boo Radleys,7
Nino Rota,7
Beenie Man,7
Marcia Griffiths,7
Low,7
Los Lobos,7
Falco,7
Mark Knopfler,7
Leif Garrett,7
Candi Staton,7
Suzi Quatro,7
Ibrahim Ferrer,7
Lyle Lovett,7
Blind Boy Fuller,7
Spirit,7
The Cowsills,7
Carlene Carter,7
Bad Manners,7
Erskine Hawkins,7
Rare Earth,7
The Chi-Lites,7
Big Brother & the Holding Company,7
Hot Water Music,7
All,7
Cradle of Filth,7
Ray Barretto,7
Mickey Gilley,7
Bob Mould,7
Prince Far I,6
Tom Verlaine,6
Bill Doggett,6
Joe Simon,6
Bon Iver,6
Linkin Park,6
Sylvia Telles,6
Larry Heard,6
Chris Isaak,6
The Muffs,6
Alfred Newman,6
Rodriguez,6
The Crystals,6
Matthew Sweet,6
Marian McPartland,6
Gentle Giant,6
Alan Parsons,6
Arrow,6
Rita Marley,6
The Breeders,6
Lisa Stansfield,6
The Limeliters,6
Roger,6
Quiet Riot,6
James Carr,6
Loverboy,6
Jon Secada,6
Eagle-Eye Cherry,6
Dead Can Dance,6
The Associates,6
The Real Kids,6
Wilco,6
Keith Urban,6
Herb Alpert,6
Jay McShann,6
Aaron Tippin,6
Boney M.,6
The Memphis Horns,6
Hanson,6
Joe Henderson,6
Michael Hurley,6
David Crosby,6
Donald Byrd,6
John Williams,6
Jason Donovan,6
Tracy Lawrence,6
Artie Shaw,6
Koko Taylor,6
Maddy Prior,6
Richard & Linda Thompson,6
John Renbourn,6
Cassandra Wilson,6
Meshell Ndegeocello,6
Michael Hedges,6
David Frizzell,6
Chrissie Hynde,6
Sleep,6
Negative Approach,6
Aaron Neville,6
The Chocolate Watchband,6
Alejandro Escovedo,6
Wardell Gray,6
Michael Nesmith,6
Jorma Kaukonen,6
Tuck & Patti,6
Enrique Iglesias,6
Eddie Van Halen,6
Barrett Strong,6
Moby,6
Deana Carter,6
Converge,6
Sam Phillips,6
Roberto Menescal,6
Buju Banton,6
Super Cat,6
I-Roy,6
Wayne Smith,6
Tyrone Davis,6
Lou Donaldson,6
L7,6
GWAR,6
Eddie Hazel,6
The Sundays,6
Jessica Simpson,6
Zoot Sims,6
Sonny Landreth,6
Tony! Toni! TonÃ©!,6
Nils Lofgren,6
Machine Head,6
Jermaine Jackson,6
Lee Konitz,6
Mel Tillis,6
Champion Jack Dupree,6
Patti Page,6
Linda Perhacs,6
Del Amitri,6
Junior Kimbrough,6
Vince Guaraldi,6
Blonde Redhead,6
Nickelback,6
Woody Shaw,6
Julian Cope,6
Squarepusher,6
The Dirty Dozen Brass Band,6
Body Count,6
Dillard & Clark,6
DeBarge,6
John Sebastian,6
Maria Muldaur,6
New Found Glory,6
The Five Satins,6
Regina Belle,6
Kitaro,6
The Monochrome Set,6
Sodom,6
Peter Green,6
Mike Seeger,6
David Gilmour,6
The Abyssinians,6
Cracker,6
Juice Newton,6
Emitt Rhodes,6
Smoking Popes,6
Fall Out Boy,6
The Go-Go's,6
Atlantic Starr,6
Death in Vegas,6
Tadd Dameron,6
Jimmy Bryant,6
Marco Antonio SolÃ­s,6
Little Jimmy Dickens,6
The Andrews Sisters,6
Fontella Bass,6
Nitzer Ebb,6
Jan Garbarek,6
Frankie Laine,6
Huey Lewis & the News,6
Shenandoah,6
Enya,6
Tortoise,6
Loreena McKennitt,6
Clay Walker,6
Otis Clay,6
Andrea Bocelli,6
Slowdive,6
Travis,6
Jane Siberry,6
Sarah Brightman,6
BeBe & CeCe Winans,6
Dead Moon,6
Phil Woods,6
R.L. Burnside,6
The Fixx,6
The Tams,6
Helen O'Connell,6
Mazzy Star,6
Jimmy Rogers,6
Sara Evans,6
Cro-Mags,6
Wynn Stewart,6
The KLF,6
Debbie Reynolds,6
Melba Montgomery,6
Dream Theater,6
Naked Raygun,6
Terry Reid,6
dc Talk,6
Dave Koz,6
Franz Waxman,6
Type O Negative,6
Angela Bofill,6
Joe Cuba,6
John Jacob Niles,6
Gorilla Biscuits,6
"Huey ""Piano"" Smith",6
Slim Whitman,6
Hellhammer,6
Randy Crawford,6
Stephanie Mills,6
Moe Bandy,6
Larry Williams,6
Restless Heart,6
Alicia Keys,6
Sloan,6
MDC,5
Bonnie Tyler,5
Syreeta,5
Pat Metheny,5
Gary Moore,5
Billy Ward & the Dominoes,5
Eddie & the Hot Rods,5
Betty Carter,5
Baden Powell,5
Third Day,5
Steve Forbert,5
Paolo Conte,5
Ziggy Marley,5
Ladysmith Black Mambazo,5
Katy Perry,5
Helloween,5
Jill Scott,5
1910 Fruitgum Company,5
Paul Stanley,5
Mad Cobra,5
Tantric,5
Wreckless Eric,5
The Suicide Machines,5
France Gall,5
Witchfinder General,5
Chumbawamba,5
Paulina Rubio,5
Gillian Welch,5
Marc Cohn,5
Christine McVie,5
Janie Fricke,5
Simply Red,5
Archers of Loaf,5
Scott LaFaro,5
Newsboys,5
Norah Jones,5
Zucchero,5
Planxty,5
Agent Orange,5
William Orbit,5
Mayhem,5
Charlie Sexton,5
Basia,5
Nusrat Fateh Ali Khan,5
Exile,5
Frankie Valli,5
The Spencer Davis Group,5
Asleep at the Wheel,5
Orbital,5
Richie Spice,5
20/20,5
Freedy Johnston,5
Lee Ann Womack,5
Jets to Brazil,5
Jon Hassell,5
Luna,5
Pixinguinha,5
El General,5
"Evelyn ""Champagne"" King",5
Yma Sumac,5
Laurie Anderson,5
Randy Rhoads,5
QueensrÃ¿che,5
Dru Hill,5
Ginger Baker,5
Rose Tattoo,5
Buffalo Tom,5
Jason Mraz,5
Dokken,5
Nelly Furtado,5
Booker Little,5
The Trashmen,5
Kim Weston,5
James Booker,5
Keb' Mo',5
Anti-Flag,5
Clarence Carter,5
Art Pepper,5
Jack McDuff,5
John Entwistle,5
The La's,5
Dave Stewart,5
Nelson Riddle,5
Kenny Dorham,5
The Sea and Cake,5
The Nerves,5
The Collins Kids,5
Savoy Brown,5
Shinedown,5
Sonny & Cher,5
Bunny Berigan,5
Samantha Fox,5
Face to Face,5
Marc Anthony,5
Betty Harris,5
June Christy,5
The Bobby Fuller Four,5
Hootie & the Blowfish,5
Fountains of Wayne,5
Hilary Duff,5
BoDeans,5
The Blues Project,5
Robbie Williams,5
Charlie Louvin,5
Barclay James Harvest,5
Lady Saw,5
Alphaville,5
Simple Minds,5
Love and Rockets,5
Ali Farka TourÃ©,5
Paul Oakenfold,5
El DeBarge,5
Shel Silverstein,5
Maroon 5,5
Jessi Colter,5
Midnight Oil,5
Buddy Miles,5
Mario Lanza,5
Peggy Seeger,5
Was (Not Was),5
John Klemmer,5
Asia,5
Alison Krauss,5
Elizeth Cardoso,5
Johnny Smith,5
Jimmy Raney,5
Thievery Corporation,5
Willis Alan Ramsey,5
Michael McDonald,5
Flaco JimÃ©nez,5
Kelis,5
Israel Vibration,5
Yusef Lateef,5
Jim Brickman,5
The Tragically Hip,5
Missing Persons,5
Vic Damone,5
Sergio Mendes,5
Kreator,5
Larry Carlton,5
Dr. Lonnie Smith,5
Bob Marley & the Wailers,5
Europe,5
The Three Degrees,5
The Ravens,5
Felt,5
Manu Chao,5
Larry Graham,5
Hampton Hawes,5
Commissioned,5
William Bell,5
Taking Back Sunday,5
Suzy Bogguss,5
Unsane,5
Argent,5
LCD Soundsystem,5
Westlife,5
Marcus Miller,5
Hugh Masekela,5
The Five Keys,5
Maria BethÃ¢nia,5
Cursive,5
Speedy West,5
The Statler Brothers,5
Milt Hinton,5
The Libertines,5
Tonic,5
Third Eye Blind,5
Color Me Badd,5
Keith Green,5
Youssou N'Dour,5
Papa Roach,5
The Godz,5
Earl Hooker,5
The Walker Brothers,5
The Gap Band,5
Billy Ray Cyrus,5
A Guy Called Gerald,5
Glassjaw,5
Frankie Avalon,5
J.D. Crowe & the New South,5
The Amboy Dukes,5
Ringo Starr,5
Ian Tyson,5
Anti-Nowhere League,5
The Melodians,5
Full Force,5
Angelo Badalamenti,5
Howard Tate,5
Bob Dorough,5
Shelly Manne,5
The Lettermen,4
Morgan Heritage,4
Steve Cropper,4
The Slackers,4
Goldie,4
Asha Bhosle,4
Gladys Knight & the Pips,4
My Morning Jacket,4
Ronnie Hawkins,4
EdÃº Lobo,4
Art Farmer,4
Dan Hicks & His Hot Licks,4
Visage,4
Tex Williams,4
Jim Ford,4
Zapp,4
Aterciopelados,4
Jesse Winchester,4
The Rezillos,4
Gato Barbieri,4
Andrew Hill,4
Deodato,4
The Business,4
Blitz,4
Charles TrÃ©net,4
Emperor,4
"Crosby, Stills, Nash & Young",4
Chico Hamilton,4
Hurt,4
Taj Mahal,4
Pato Banton,4
Damien Rice,4
Yanni,4
Penguin Cafe Orchestra,4
Edwin Starr,4
Great White,4
The Jesus Lizard,4
Chris LeDoux,4
Soulfly,4
Killswitch Engage,4
Freddie McGregor,4
Muse,4
Jean Shepard,4
Cornelius,4
Green River,4
Willie Nile,4
Pete Johnson,4
Johnny Griffin,4
"Bonnie ""Prince"" Billy",4
The Pioneers,4
Carlos Santana,4
The Uniques,4
James Ingram,4
Delta 5,4
A.R. Kane,4
Terri Clark,4
D.R.I.,4
Groove Armada,4
Joe Liggins,4
Robert Cray,4
Filter,4
The Smothers Brothers,4
Dropkick Murphys,4
"Medeski, Martin & Wood",4
Michel Legrand,4
Ferlin Husky,4
Billy Cobham,4
Yeah Yeah Yeahs,4
The Mothers of Invention,4
The Crusaders,4
The Velvelettes,4
Margaret Whiting,4
Clan of Xymox,4
J.J. Johnson,4
Al Stewart,4
Youth of Today,4
The Undisputed Truth,4
Ashford & Simpson,4
Trace Adkins,4
The Charlie Daniels Band,4
Sawyer Brown,4
Government Issue,4
Hothouse Flowers,4
Lamont Dozier,4
Ratt,4
Daniel Lanois,4
Jim Morrison,4
Eva Cassidy,4
Jars of Clay,4
Jack Nitzsche,4
Rascal Flatts,4
The Del McCoury Band,4
Josey Wales,4
Bob Newhart,4
Camel,4
Warrant,4
M People,4
Big Walter Horton,4
Lonnie Mack,4
Yolanda Adams,4
Diamond Head,4
The Charlatans,4
Meshuggah,4
Poison,4
King Diamond,4
Propagandhi,4
Noel Redding,4
Angie Stone,4
Candlemass,4
The Electric Prunes,4
Lord Invader,4
The Postal Service,4
Lambchop,4
Let's Active,4
Grandaddy,4
The Rubinoos,4
Roxette,4
Natalie Merchant,4
Brian Setzer,4
Brownie McGhee,4
Jesse McCartney,4
Ivie Anderson,4
Heaven 17,4
The Manhattans,4
Ben Folds Five,4
Eddie Fisher,4
Jesse Belvin,4
M.I.A.,4
Joe Lovano,4
Miracle Legion,4
Jon B.,4
The Gories,4
Sigur RÃ³s,4
Mick Ronson,4
Prince Jazzbo,4
Shonen Knife,4
Diana Krall,4
Ace Frehley,4
Felix da Housecat,4
Utah Saints,4
Beverley Knight,4
Flying Lotus,4
Gary Burton,4
Roy Clark,4
Johnny Nash,4
Max Romeo,4
Paul van Dyk,4
Darlene Love,4
Al Cohn,4
Grace Slick,4
The Outlaws,4
Robyn,4
The United States of America,4
Iris DeMent,4
Crowbar,4
Millie Jackson,4
The Records,4
The Shins,4
King Sunny Ade,4
Fad Gadget,4
Lisa Loeb,4
Graham Parker,4
Sam Kinison,4
Sweet Honey in the Rock,4
Neurosis,4
Xscape,4
Le Tigre,4
Franz Ferdinand,4
a-ha,4
The Reverend Horton Heat,4
Robin Guthrie,4
Peaches,4
Annie Ross,4
The Presidents of the United States of America,4
Richard Marx,4
All-4-One,4
The Innocence Mission,4
The Used,4
Steven Halpern,4
Hawkshaw Hawkins,4
Luscious Jackson,4
Eddie Murphy,4
Beulah,4
East 17,4
Duane Allman,4
Cheo Feliciano,4
Elvin Bishop,4
Berlin,4
Wizzard,4
'Til Tuesday,4
Lindsay Lohan,4
Steve Lawrence,4
Kelly Clarkson,4
AmÃ¡lia Rodrigues,4
Sugar Minott,4
Red Garland,4
Vicente FernÃ¡ndez,4
Donna the Buffalo,4
Cilla Black,4
Johnny Rivers,4
Lulu,4
Veruca Salt,4
Alejandro FernÃ¡ndez,4
Gene Kelly,4
Baaba Maal,4
Brand New,4
Shirley Horn,4
Gene Harris,4
Pedro Infante,4
David Sylvian,4
Better Than Ezra,4
Bratmobile,4
RocÃ­o Jurado,4
Kenny G,4
Focus,4
Carolyn Hester,4
The Apples in Stereo,4
Wendy & Lisa,4
Ashlee Simpson,4
Jon Brion,4
Level 42,4
Ian Matthews,4
Supertramp,4
Irene Cara,4
Frank Loesser,4
Memphis Slim,4
Astor Piazzolla,4
Bobby Vinton,4
Comus,4
Semisonic,4
Dottie West,4
Shelby Lynne,4
The Vaselines,4
Nightmares on Wax,4
Morris Day,4
Freddie Jackson,4
Texas,4
The Country Gentlemen,4
White Lion,4
Paul Chambers,4
Hank Mobley,4
The Radiators,4
DNA,4
Stephen Sondheim,4
The Rapture,4
T-Pain,3
Denis Leary,3
Milli Vanilli,3
Annette Peacock,3
Ace,3
Calexico,3
Panic! At the Disco,3
Bobby Hackett,3
Hot Lips Page,3
Iced Earth,3
Mad Season,3
Gin Blossoms,3
Luther Allison,3
Jagged Edge,3
World Party,3
Motion City Soundtrack,3
Garbage,3
The Techniques,3
George Thorogood,3
Jessica Andrews,3
Ismael Miranda,3
Andy MontaÃ±ez,3
Big Jay McNeely,3
Our Lady Peace,3
Esquerita,3
Oscar D'LeÃ³n,3
Ismael Rivera,3
The Pop Group,3
PlÃ¡cido Domingo,3
JosÃ© Carreras,3
Linton Kwesi Johnson,3
Possessed,3
Switchfoot,3
Elf,3
Paul Collins,3
Hans Zimmer,3
Jackie Paris,3
Ernestine Anderson,3
Machines of Loving Grace,3
Susannah McCorkle,3
The Fray,3
MC 900 Ft. Jesus,3
Charlie Wilson,3
Curved Air,3
Adolescents,3
Jello Biafra,3
Will Ackerman,3
Meredith Monk,3
Grady Tate,3
Seven Mary Three,3
Crime & the City Solution,3
Dave Hollister,3
The Brian Jonestown Massacre,3
Buena Vista Social Club,3
Bobby Hutcherson,3
Brad Paisley,3
Alvin & the Chipmunks,3
Shellac,3
Patty Duke,3
Slave,3
Country Joe & the Fish,3
3 Doors Down,3
Steven Wright,3
Staind,3
John Scofield,3
MiklÃ³s RÃ³zsa,3
James Moody,3
Reel Big Fish,3
Dance Hall Crashers,3
Autechre,3
Plastic Bertrand,3
Ashanti,3
Cannibal Corpse,3
Jeri Southern,3
Andrew Bird,3
Arvo PÃ¤rt,3
Joe Bataan,3
Javier SolÃ­s,3
Judy Henske,3
Whiskeytown,3
Pat Green,3
Son Volt,3
Syl Johnson,3
Steve Kuhn,3
Alice Coltrane,3
Phosphorescent,3
Elvis Costello & the Attractions,3
Man Parrish,3
Steve Harley,3
Spoon,3
Four Tet,3
Triumph,3
Avenged Sevenfold,3
Lord Creator,3
Imogen Heap,3
Adele,3
John Foxx,3
Extreme,3
Lady Gaga,3
Jewel,3
Ghost,3
Dion & the Belmonts,3
Robert Klein,3
Trio,3
Junior Brown,3
Charlie Barnet,3
Ricky Martin,3
Pop Will Eat Itself,3
Bill Frisell,3
Homer & Jethro,3
Richard Ashcroft,3
Chris Cornell,3
Steven Tyler,3
Rodney Dangerfield,3
All That Remains,3
The Contours,3
Dianne Reeves,3
Right Said Fred,3
TiÃ«sto,3
Black Oak Arkansas,3
Lush,3
Exodus,3
The Time,3
Dalva de Oliveira,3
El Gran Combo de Puerto Rico,3
Scritti Politti,3
Charles Lloyd,3
Wet Willie,3
Jean-Luc Ponty,3
Al Di Meola,3
Night Ranger,3
k.d. lang,3
Mel Brooks,3
The Big Bopper,3
Enigma,3
Leslie West,3
Tommy James,3
David Johansen,3
Marillion,3
Donnie McClurkin,3
The Pied Pipers,3
Skid Row,3
Michael Crawford,3
Miguel,3
Edgar Froese,3
Sonny Sharrock,3
Billy Joe Royal,3
Lyres,3
The Black Keys,3
Tullycraft,3
King Pleasure,3
The Posies,3
Earl Scruggs,3
The Delta Rhythm Boys,3
Barry Adamson,3
Girlschool,3
Sonny Terry,3
Dick Hyman,3
The Youngbloods,3
Lester Flatt,3
The Highwaymen,3
Roger Daltrey,3
Utopia,3
Mississippi Sheiks,3
SeÃ¡n Ã“ Riada,3
Los Fabulosos Cadillacs,3
This Mortal Coil,3
The Highway Q.C.'s,3
Marty Stuart,3
John Legend,3
Olivier Messiaen,3
The Beautiful South,3
Brigitte Bardot,3
Lee Ritenour,3
Narada Michael Walden,3
The-Dream,3
Rusted Root,3
Jonathan Winters,3
Godsmack,3
Chris Brown,3
Every Avenue,3
The Cranberries,3
Samiam,3
The Clark Sisters,3
Roy Hamilton,3
Cinderella,3
Dori Caymmi,3
Pale Saints,3
Mavis Staples,3
Todd Edwards,3
Johnny Mandel,3
Joan Jett & the Blackhearts,3
The Plimsouls,3
Trey Songz,3
Clutch,3
Al Jarreau,3
Saliva,3
Patrice Rushen,3
Archie Shepp,3
Foghat,3
Alla Rakha,3
The Five Stairsteps,3
Macy Gray,3
Craig Armstrong,3
Duke Jordan,3
Badly Drawn Boy,3
George Martin,3
The Easybeats,3
Dave Holland,3
Cornell Campbell,3
Stanley Jordan,3
The Connells,3
Courtney Love,3
Roy Buchanan,3
Chris Kenner,3
Buck Clayton,3
Willie Bobo,3
The Ames Brothers,3
Gabor Szabo,3
Calvin Harris,3
Paul Winter,3
Deuter,3
Michael Martin Murphey,3
Mac McAnally,3
Thursday,3
Arthur Lyman,3
Jan Hammer,3
Womack & Womack,3
Incognito,3
Rich Mullins,3
Thad Jones,3
Rick Astley,3
Michael Penn,3
Malcolm McLaren,3
The Brand New Heavies,3
The Rutles,3
"Eddie ""Cleanhead"" Vinson",3
Joey Ramone,3
Wynton Marsalis,3
Feeder,3
Lonestar,3
Brian May,3
The Vibrators,3
Sufjan Stevens,3
Steve Howe,3
Vampire Weekend,3
Mindy McCready,3
Stereophonics,3
Percy Faith,3
Phoenix,3
Strawberry Alarm Clock,3
John Mayall & the Bluesbreakers,3
Frank Ocean,3
Junior Vasquez,3
Jimmy Castor,3
Gary Allan,3
Little Eva,3
Polvo,3
Sixpence None the Richer,3
Barry Harris,3
Club Nouveau,3
Brenton Wood,3
Mogwai,3
Kirk Whalum,3
Angel Witch,3
Maynard Ferguson,3
Barbara Lynn,3
Don Omar,3
Babatunde Olatunji,3
Oingo Boingo,3
The Brothers Johnson,3
John Gorka,3
Jimmy McGriff,3
Gas,2
BeBe Winans,2
Roaring Lion,2
Steve Miller Band,2
Buddy Collette,2
Lou Christie,2
The Field Mice,2
Silverchair,2
Chely Wright,2
R. Stevie Moore,2
Tab Hunter,2
Los Bukis,2
Mitch Miller,2
Bryan White,2
Blue Rodeo,2
David Gates,2
Bobby Vee,2
"Richard ""Groove"" Holmes",2
Naked Eyes,2
The Jazz Crusaders,2
999,2
Big & Rich,2
Yves Montand,2
Alt-J,2
Shep Pettibone,2
Three Days Grace,2
Phil Keaggy,2
Masters of Reality,2
Bobby Timmons,2
Monty Python,2
Karla Bonoff,2
Deborah Cox,2
James Blake,2
LeVert,2
Linda Jones,2
Jerry Lewis,2
Frankie Miller,2
Caribou,2
Bolt Thrower,2
CamarÃ³n de la Isla,2
Slash,2
Tindersticks,2
Bounty Killer,2
Sammy Kershaw,2
The Sylvers,2
Gang Green,2
Blaze Foley,2
The Chordettes,2
Pee Wee Crayton,2
Culture,2
Scissor Sisters,2
Ronnie James Dio,2
Lyn Collins,2
Rufus Wainwright,2
Hum,2
Frankie Ruiz,2
Orquesta AragÃ³n,2
La Sonora Dinamita,2
The Blackbyrds,2
Busted,2
Les Brown,2
Texas Tornados,2
Redd Kross,2
Songs: Ohia,2
The Gaylads,2
Najee,2
Spanky & Our Gang,2
Madball,2
Helen Merrill,2
Eric BenÃ©t,2
David Lanz,2
Little River Band,2
Audio Adrenaline,2
Chris Whitley,2
Egg,2
Charly GarcÃ­a,2
CeCe Winans,2
The Last Poets,2
Mark Chesnutt,2
Robert Gordon,2
Dave Alvin,2
Dick Haymes,2
Snapcase,2
Keane,2
Kashif,2
Tom Scott,2
Chuck Willis,2
Joe Mooney,2
Tommy Flanagan,2
Belly,2
Guadalcanal Diary,2
Tony Levin,2
Chico O'Farrill,2
Franco,2
Billy Dean,2
Susan Tedeschi,2
John Adams,2
Gary Peacock,2
Captain Beyond,2
The Young Rascals,2
Emmanuel,2
Michael Henderson,2
Ricardo Montaner,2
Seaweed,2
Tift Merritt,2
Ohio Express,2
JosÃ© JosÃ©,2
Johnny Pacheco,2
Steve Hackett,2
Oscar Lopez,2
The Bobbettes,2
Ne-Yo,2
Eddie Harris,2
Allan Sherman,2
Orleans,2
Rebirth Brass Band,2
Dick Gregory,2
Finch,2
Pebbles,2
UnderÃ¸ath,2
Jo Jo Gunne,2
Klymaxx,2
Paula Cole,2
Silver Jews,2
Ed Sheeran,2
The Champs,2
Lord Melody,2
Long John Baldry,2
Rocket from the Crypt,2
Wynona Carr,2
Nate Dogg,2
Eddie Kendricks,2
Paco de LucÃ­a,2
Gipsy Kings,2
Floyd Cramer,2
Sugar,2
Kelly Price,2
Phyllis Hyman,2
Dorothy Norwood,2
Peter Murphy,2
The Wallflowers,2
The Chills,2
Slam Stewart,2
Rick Nielsen,2
Shakira,2
The Remains,2
Orchestra Baobab,2
Lata Mangeshkar,2
All Time Low,2
The Beta Band,2
Temple of the Dog,2
Mary Martin,2
Joey Dee,2
The Modernaires,2
Rita Lee,2
Audioslave,2
The Streets,2
Mungo Jerry,2
The Crystal Method,2
The Sound,2
Dick Gaughan,2
L.A. Guns,2
Admiral Bailey,2
Pirates of the Mississippi,2
Billy Thorpe,2
John Hartford,2
Zakir Hussain,2
Bohannon,2
Carter Burwell,2
The Style Council,2
Florence + the Machine,2
Geggy Tah,2
Keri Hilson,2
Gigi Gryce,2
Jake Owen,2
The Wilburn Brothers,2
Bob Andy,2
Gabby Pahinui,2
Johnny Adams,2
Pablo MilanÃ©s,2
Lowell Fulson,2
Dierks Bentley,2
Iron and Wine,2
The Tubes,2
The Dillinger Escape Plan,2
Tom Moulton,2
Urge Overkill,2
The Chambers Brothers,2
The Deviants,2
John Abercrombie,2
Cactus,2
Mary Black,2
Hot Rize,2
Goldfrapp,2
The Angels,2
Kandi,2
Johnny Hallyday,2
Deadmau5,2
Jerry Douglas,2
B2K,2
Blancmange,2
Jeanne Moreau,2
Rhonda Vincent,2
Robbie Robertson,2
David Cassidy,2
Kaleidoscope,2
Thee Oh Sees,2
James McMurtry,2
The Dramatics,2
Eric Donaldson,2
Bobby Sherman,2
Avicii,2
Peter Criss,2
Preservation Hall Jazz Band,2
Bilal,2
Bono,2
Eydie Gorme,2
Tony Rice,2
Robin Williams,2
Tommy Collins,2
Brian Regan,2
Mitch Hedberg,2
MÃºm,2
Nickel Creek,2
Rick Derringer,2
Cherrelle,2
Mary Margaret O'Hara,2
Bill Evans Trio,2
Phil Manzanera,2
Playero,2
Wilbur Ware,2
Al Bowlly,2
Chris Squire,2
The Blues Brothers,2
Tank,2
Lloyd,2
Akon,2
Jerry Garcia Band,2
Bebo Norman,2
The Lounge Lizards,2
K.T. Oslin,2
Junior Reid,2
Patrick Cowley,2
Justice,2
Adam Sandler,2
Miami Sound Machine,2
Melissa Manchester,2
TobyMac,2
Mon Rivera,2
Musiq Soulchild,2
Modern English,2
Interpol,2
The Future Sound of London,2
Shaggy,2
Bill Justis,2
Steve Roach,2
Mink DeVille,2
The Weeknd,2
Dwele,2
Katie Herzig,2
Amel Larrieux,2
Translator,2
Gov't Mule,2
Regina Spektor,2
June Tabor,2
Peter Rowan,2
Debby Boone,2
Jackson Do Pandeiro,2
Sevendust,2
Jack DeJohnette,2
The Box Tops,2
Victor Jara,2
Sean Paul,2
Marc Almond,2
Luiz Gonzaga,2
Marsha Ambrosius,2
Michelle Branch,2
Down by Law,2
Neko Case,2
Lone Justice,2
Ash,2
The Avalanches,2
Ray LaMontagne,2
Pinback,2
Paquito D'Rivera,2
Gnarls Barkley,2
The Starting Line,2
Jacob Do Bandolim,2
Shadows Fall,2
Armand Van Helden,2
Broken Social Scene,2
The Rockets,2
Bruno Mars,2
Percy Heath,2
The Jon Spencer Blues Explosion,2
La Lupe,2
Johnny Gill,2
Keith Washington,2
Willie Hutch,2
Tuxedomoon,2
Superdrag,2
The Edwin Hawkins Singers,2
Joe Brown,2
Chuck Jackson,2
Ali Akbar Khan,2
Chris Smither,2
Howard Roberts,2
Ana Gabriel,2
Murphy's Law,2
Go West,2
P.O.D.,2
Fuel,2
VerÃ³nica Castro,2
Danielle Dax,2
Bobby Day,2
The Rance Allen Group,2
Unearth,2
Steve Vai,2
Leatherface,2
Ultra Vivid Scene,2
Flora Purim,2
Brigitte Fontaine,2
JoÃ£o Donato,2
LeAnn Rimes,2
Sugar Ray,2
Jill Sobule,2
Liz Story,2
China Crisis,2
The Fabulous Thunderbirds,2
The Miracles,2
Swedish House Mafia,2
Jack White,2
Edie Brickell & New Bohemians,2
Mac Davis,2
Joe Nichols,2
B.J. Thomas,2
Bobby Short,2
Ernest Ranglin,2
Garland Jeffreys,2
Oumou Sangare,2
The Ides of March,2
O.A.R.,2
Flume,2
Joe South,2
Tom Morello,2
Romeo Void,2
Daryle Singletary,2
Jeffrey Osborne,2
Alexander O'Neal,2
Yazoo,2
Beres Hammond,2
Suzanne Ciani,2
The Ethiopians,2
Diana Ross & the Supremes,2
Martha Raye,2
Toumani DiabatÃ©,2
Bud Shank,2
Lecuona Cuban Boys,2
Silvio RodrÃ­guez,2
Raven,2
Take 6,2
Noro Morales,2
Omarion,2
Joe Pass,2
Charlie Robison,2
Sugababes,2
Robert Goulet,2
Smokie Norful,2
Cranes,2
Seefeel,2
The Knife,2
Savatage,2
Melba Moore,2
Dar Williams,2
Joe,2
Fourplay,2
Bidu SayÃ£o,2
Gavin DeGraw,2
Jule Styne,2
King's X,2
Will Downing,1
Arctic Monkeys,1
The Maytals,1
Alec Wilder,1
Billy May,1
Cross Canadian Ragweed,1
Kimya Dawson,1
Craig David,1
Dave Grohl,1
Plumb,1
Coheed and Cambria,1
Dorival Caymmi,1
Ashley Tisdale,1
Andy Irvine,1
Nicky Romero,1
Michael Chapman,1
The Irish Rovers,1
Tex Beneke,1
Colosseum,1
J. Holiday,1
Leroy Hutson,1
Sabu Martinez,1
Vickie Winans,1
Billy Ocean,1
David Wilcox,1
"Orlando ""Cachaito"" Lopez",1
The Faint,1
Relient K,1
The Mars Volta,1
Hank Williams III,1
Mastodon,1
Nerf Herder,1
A Perfect Circle,1
New Model Army,1
Bonobo,1
Mason Williams,1
Jean-Jacques Perrey,1
Day26,1
SisqÃ³,1
The Bats,1
Poi Dog Pondering,1
Vicki Sue Robinson,1
The Jesters,1
Zedd,1
Nena,1
Black Box,1
Space,1
Los Huracanes del Norte,1
Enrique GuzmÃ¡n,1
Aunt Molly Jackson,1
Rose Maddox,1
Chuck Rainey,1
Verdine White,1
The Sapphires,1
K-Ci & JoJo,1
Ray Conniff,1
Acker Bilk,1
Three Dog Night,1
Cash Cash,1
Matt Monro,1
Paul Brady,1
Patti LuPone,1
The Wonder Years,1
Sonny Clark,1
Johnny Bond,1
Steve Arrington,1
Suffocation,1
The Lumineers,1
Stan Levey,1
Jimmy Barnes,1
Elisa,1
The Middle East,1
Los Ãngeles Negros,1
Linda Eder,1
Pete Brown,1
La Dispute,1
Pearl Bailey,1
Ronnie Laws,1
Cast,1
Los Campesinos!,1
Todd Rhodes,1
The Normal,1
Paul Desmond,1
The Cleftones,1
Clint Eastwood,1
Tripping Daisy,1
Alex Van Halen,1
Bettye Swann,1
Switch,1
Meredith Brooks,1
Green Jelly,1
Dead or Alive,1
Colt Ford,1
Al Kooper,1
Luis Alberto Spinetta,1
Pescado Rabioso,1
Kirsty MacColl,1
Antonio MachÃ­n,1
Manfred Mann's Earth Band,1
The Dangerous Summer,1
Carrie Underwood,1
Cybotron,1
Freestyle,1
Rachelle Ferrell,1
Erma Franklin,1
The Deele,1
Train,1
Sam Rivers,1
Grizzly Bear,1
Diplo,1
Gorillaz,1
Dr. Dog,1
Jon Bellion,1
Broadcast,1
Jenni Rivera,1
Karnivool,1
Moodymann,1
Jamie Principle,1
Fleet Foxes,1
Band of Horses,1
The Avett Brothers,1
Kings of Convenience,1
Foals,1
Blake Shelton,1
Vengaboys,1
ATB,1
Mystery Jets,1
Steps,1
Kaskade,1
Steve Angello,1
EmilÃ­ana Torrini,1
The Wonder Stuff,1
Laidback Luke,1
The Script,1
Hannah Montana,1
The Soup Dragons,1
Fun Lovin' Criminals,1
The Dresden Dolls,1
Natasha Bedingfield,1
Shocking Blue,1
LMFAO,1
Skrillex,1
"Harry ""Sweets"" Edison",1
Charlie Chaplin,1
Grimes,1
Sleigh Bells,1
Nick Cave & the Bad Seeds,1
Eddie Vedder,1
Puddle of Mudd,1
The Brecker Brothers,1
Brandi Carlile,1
DeVotchKa,1
LSG,1
The Olivia Tremor Control,1
Four Year Strong,1
Comeback Kid,1
Hudson Mohawke,1
Kleeer,1
Mtume,1
The Thermals,1
Uncle Kracker,1
Lyfe Jennings,1
Lamb,1
Sharon Jones & the Dap-Kings,1
Anastacia,1
Ty Dolla $ign,1
Kelly Rowland,1
Flosstradamus,1
Jonas Brothers,1
Spirit of the West,1
Stonewall Jackson,1
Alpha,1
Wade Bowen,1
Surface,1
Arcade Fire,1
Raheem DeVaughn,1
Jaheim,1
Popcaan,1
Marvin Sease,1
Lily Allen,1
Beth Hart,1
Blue,1
Mark Ronson,1
John P. Kee,1
Xiu Xiu,1
Feist,1
Michael Nyman,1
Justin Bieber,1
Elbow,1
Faithless,1
Metric,1
Hot Hot Heat,1
Benny Benassi,1
Eric Prydz,1
Adina Howard,1
Emmure,1
Miranda Lambert,1
RaulÃ­n RodrÃ­guez,1
Camilo Sesto,1
Frank Reyes,1
Cory Morrow,1
Keyshia Cole,1
Peter Bjorn and John,1
Aaron Carter,1
Bleeding Through,1
Paul Overstreet,1
Bridgit Mendler,1
Wisin & Yandel,1
Lorn,1
Nosaj Thing,1
Darryl Worley,1
Ronnie Dunn,1
Taylor Swift,1
Lucky Dube,1
Thom Yorke,1
DÃ¢m-Funk,1
King Krule,1
Josh Ritter,1
Vybz Kartel,1
Gallant,1
Tori Kelly,1
Slim,1
Caron Wheeler,1
Tracey Thorn,1
Panda Bear,1
India.Arie,1
Jason Aldean,1
Immature,1
A*Teens,1
Speedy,1
4 Non Blondes,1
Easton Corbin,1
Wayne Hancock,1
Wilbert Harrison,1
Bert Kaempfert,1
Ivan Lins,1
Taylor Dayne,1
Otis Taylor,1
Bob Eberly,1
Jess Stacy,1
Shelley Fabares,1
Skylar Grey,1
Karunesh,1
Rob Halford,1
Local Natives,1
The Album Leaf,1
Mumford & Sons,1
Frankie Carle,1
AndrÃ© Kostelanetz,1
Voodoo Glow Skulls,1
Christopher Williams,1
Marques Houston,1
Joyce,1
Pretty Ricky,1
Ray J,1
Ciara,1
Mario,1
Willie Johnson,1
Son Seals,1
Swell,1
Tinariwen,1
Jennifer Love Hewitt,1
Chuckii Booker,1
Gilberto Santa Rosa,1
Next,1
Arthur Conley,1
Los RelÃ¡mpagos del Norte,1
Fat Freddy's Drop,1
Joey McIntyre,1
Cockney Rejects,1
Coralie ClÃ©ment,1
Paramore,1
Fila Brazillia,1
Philip Bailey,1
Lonnie Liston Smith,1
Jazmine Sullivan,1
Paolo Nutini,1
Huey Lewis,1
Alfredo Gutierrez,1
Roberto Torres,1
Lisandro Meza,1
DiÃ³medes DÃ­az,1
Okkervil River,1
Los Corraleros de Majagual,1
Laurindo Almeida,1
The Neptunes,1
Kesha,1
Ralph Burns,1
Bobby Marchan,1
Junior Mance,1
U.K.,1
LÃ©o FerrÃ©,1
Alvin Lee,1
Cornelio Reyna,1
The Babys,1
Junior Byles,1
Amerie,1
The Vapors,1
J Balvin,1
TrentemÃ¸ller,1
Madeleine Peyroux,1
Electronic,1
Jordan Knight,1
Werly Fairburn,1
Bombay Bicycle Club,1
Goldfinger,1
Demi Lovato,1
Further Seems Forever,1
Leona Lewis,1
Anthony Hamilton,1
Cody ChesnuTT,1
Of Montreal,1
The Wanted,1
Rotary Connection,1
The Tremeloes,1
One Direction,1
Caravan,1
Mick Taylor,1
Cornelius Brothers & Sister Rose,1
Tom Robinson Band,1
Donell Jones,1
Funeral for a Friend,1
The Easy Riders,1
Holly Dunn,1
Deerhunter,1
Jerry Rivera,1
Russ Taff,1
Sin Bandera,1
McFly,1
Wang Chung,1
Nic Jones,1
Jacques Dutronc,1
Ladytron,1
D.J. Rogers,1
Mel Lewis,1
Lola Flores,1
Angels & Airwaves,1
Alex de Grassi,1
The Bothy Band,1
Colin Hay,1
Klaatu,1
Brooklyn Bridge,1
Egg Hunt,1
John Stewart,1
Tracy Bonham,1
Chayanne,1
Ronnie Foster,1
Phil Ramone,1
Arif Mardin,1
Primitive Radio Gods,1
Thirty Seconds to Mars,1
Jimmy Giuffre,1
Baby Rasta & Gringo,1
The Kentucky Headhunters,1
The Browns,1
Nightwish,1
The Budos Band,1
Dionne Farris,1
Cassius Clay,1
Roger Waters,1
Caedmon's Call,1
Ini Kamoze,1
Maxi Priest,1
LFO,1
Timi Yuro,1
Odyssey,1
Sea Level,1
Crimson Glory,1
Djavan,1
ChantÃ© Moore,1
Crystal Lewis,1
Ram Jam,1
David Houston,1
Johnny Osbourne,1
ToÃ±o Rosario,1
Grupo ManÃ­a,1
Stealers Wheel,1
Jimmy Dawkins,1
BoySetsFire,1
Charlie Palmieri,1
The Heartbeats,1
Victor Young,1
Poison the Well,1
Lamb of God,1
Kittie,1
Life of Agony,1
Prong,1
Tsunami Bomb,1
Jeff Wayne,1
Gino Soccio,1
Maze,1
Angela Winbush,1
Marvin Hamlisch,1
T.S.O.L.,1
Camille Yarbrough,1
Garnett Silk,1
Technotronic,1
Bob Brookmeyer,1
Urbie Green,1
The Friends of Distinction,1
Turbonegro,1
Paul Revere & the Raiders,1
Inner City,1
Bastille,1
Mike Laure,1
Allan Holdsworth,1
Tommy Bolin,1
The Charioteers,1
Eric Carmen,1
Pedro the Lion,1
Chapterhouse,1
Charlie Byrd,1
Herb Ellis,1
Tony Trischka,1
Old & In the Way,1
Sheb Wooley,1
The Gentrys,1
Peaches & Herb,1
Cap'n Jazz,1
Laid Back,1
Divine,1
Nile Rodgers,1
K.P. & Envyi,1
Djivan Gasparyan,1
Altered Images,1
moe.,1
The Silvertones,1
Judge,1
John D. Loudermilk,1
Bola Sete,1
Blue Mitchell,1
Boy George,1
Stan Rogers,1
Keith Emerson,1
Svend Asmussen,1
Adriano Celentano,1
Damien Jurado,1
Danny Thompson,1
Keith Relf,1
Bobby Rydell,1
Donny Osmond,1
Tommy Sands,1
Salaam Remi,1
Kid Koala,1
ChristiÃ³n,1
Anita Bryant,1
Dallas Holm,1
Kitty Kallen,1
Lola BeltrÃ¡n,1
Ralph McTell,1
Roger Sanchez,1
David Morales,1
Maceo Parker,1
The Juliana Theory,1
Gina X Performance,1
The Dave Brubeck Quartet,1
John Coltrane Quartet,1
Miles Davis Quintet,1
Thelonious Monk Quartet,1
Hopeton Lewis,1
Michael Ball,1
Brian Hyland,1
RX Bandits,1
Godhead,1
Billy Gibbons,1
Warne Marsh,1
Bob Sinclar,1
Ed Bruce,1
Jorge Negrete,1
JosÃ© Alfredo JimÃ©nez,1
Los Alegres de TerÃ¡n,1
Southern Culture on the Skids,1
Overkill,1
Zero 7,1
Casino Versus Japan,1
Norman Greenbaum,1
Donna Fargo,1
The Silhouettes,1
Danny & the Juniors,1
Billy Taylor,1
Frederick Knight,1
Vanessa Paradis,1
The Fugitives,1
The Primitives,1
Johnny Maestro,1
Montgomery Gentry,1
Andy Kim,1
The Duprees,1
The Skyliners,1
The Four Aces,1
Enchantment,1
Andy Black,1
Brewer & Shipley,1
Allan Jones,1
P.P. Arnold,1
Shirley Ellis,1
Gloria Jones,1
Obituary,1
Pablo Cruise,1
Lowell George,1
The Corrs,1
Cecilia Bartoli,1
Miguel BosÃ©,1
Monchy & Alexandra,1
The Headhunters,1
Tamba Trio,1
Chad & Jeremy,1
Slim Smith,1
Yabby You,1
Jeff Lorber,1
Lucia Mendez,1
Morphine,1
Joe Diffie,1
Alejandro Sanz,1
Trey Anastasio,1
Daddy Yankee,1
Victor Borge,1
Theodore Bikel,1
Mojo Nixon,1
Fito Olivares,1
Oleta Adams,1
Exhorder,1
The Paul Butterfield Blues Band,1
Terry Gibbs,1
Loggins & Messina,1
The Jones Girls,1
The Rivingtons,1
Highway 101,1
McBride & the Ride,1
Jay & the Americans,1
Helen Reddy,1
The Tymes,1
Idris Muhammad,1
Ella Mae Morse,1
Jon Anderson,1
Bebo ValdÃ©s,1
Static-X,1
Peter Allen,1
Unwound,1
Don Lamond,1
Third World,1
Martin Gore,1
Gary Wilson,1
Simple Plan,1
Radney Foster,1
Hal Ketchum,1
Henry Lee Summer,1
Scandal,1
The Kills,1
Levi Stubbs,1
Mark Harris,1
Michael Card,1
The Rippingtons,1
Gregory Abbott,1
Ralph Tresvant,1
Santo & Johnny,1
Jack Jones,1
Betty Everett,1
Gloria Lynne,1
Kate Wolf,1
DJ Nelson,1
Bebe Neuwirth,1
Mitzi Gaynor,1
Israel Houghton,1
Jimmie Vaughan,1
Harvey Fuqua,1
Karyn White,1
Claus Ogerman,1
Johnny Guarnieri,1
Patra,1
Sister Nancy,1
Lionel Cartwright,1
Al Martino,1
Jerry Vale,1
Sonny Bono,1
John Tesh,1
Mikey Dread,1
Millie Small,1
Sophie B. Hawkins,1
Slim & Slam,1
Stray Cats,1
The Crew Cuts,1
The Foundations,1
The Outsiders,1
Queens of the Stone Age,1
The Knickerbockers,1
The McCoys,1
Hoobastank,1
Lenny Welch,1
Sun,1
Loleatta Holloway,1
James Horner,1
Monster Magnet,1
Fu Manchu,1
Mint Condition,1
Mickey & Sylvia,1
A.C. Reed,1
Pestilence,1
Carnivore,1
The Georgia Satellites,1
Ed Ames,1
Antonio Aguilar,1
Jerry Byrd,1
Kruder & Dorfmeister,1
David Ruffin,1
Danny Elfman,1
Gerald Albright,1
Alejandra GuzmÃ¡n,1
t.A.T.u.,1
The Dead Weather,1
Anthony Newley,1
Skillet,1
BBMak,1
Sasha,1
Armin van Buuren,1
Serge Chaloff,1
Joseph Arthur,1
Labi Siffre,1
Puffy AmiYumi,1
Changing Faces,1
Tito Rodriguez,1
"Pete ""El Conde"" RodrÃ­guez",1
Cousin Emmy,1
Ivy,1
April March,1
Ray Wylie Hubbard,1
Steve Young,1
Kenny Wayne Shepherd,1
The Weepies,1
Daniel Santos,1
Milly Quezada,1
French Kicks,1
Howard Shore,1
Piebald,1
Lenny Williams,1
Mano Negra,1
Millencolin,1
Crucifix,1
Hula,1
The Cyrkle,1
Harpers Bizarre,1
Red Mitchell,1
Midtown,1
Sunnyland Slim,1
Fifty Foot Hose,1
Caifanes,1
La Ley,1
El Tri,1
The Rivieras,1
Porcupine Tree,1
Pilot,1
Toadies,1
Mr. Fingers,1
Eddie Safranski,1
Wolfgang Amadeus Mozart,1
Zap Pow,1
Brownsville Station,1
The Hondells,1
Ray Nance,1
Yo-Yo,1
Chris Montez,1
Carman,1
The Cookies,1
John Conlee,1
Sizzla,1
Nara LeÃ£o,1
Los del Rio,1
JoaquÃ­n Sabina,1
Maxine Brown,1
Another Bad Creation,1
Toots Thielemans,1
"Bernard ""Pretty"" Purdie",1
Howie Day,1
Heatwave,1
James Mason,1
Rufus & Chaka Khan,1
Dicks,1
Scientist,1
Labradford,1
The Robins,1
The Balfa Brothers,1
Charlie Ventura,1
Mudvayne,1
Coal Chamber,1
Powerman 5000,1
Marine Girls,1
The Bouncing Souls,1
Swingin' Utters,1
New Musik,1
Hound Dog Taylor,1
Cassius,1
Poncho Sanchez,1
Vasco Rossi,1
The Tokens,1
Melanie C,1
Mae,1
Days of the New,1
Freda Payne,1
General Public,1
Adamski,1
Bappi Lahiri,1
Giuseppe di Stefano,1
Camera Obscura,1
The Dandy Warhols,1
Girls at Our Best!,1
Mina,1
Messiah,1
Bruce Dickinson,1
Robert Miles,1
The Rentals,1
Kim Wilde,1
The Originals,1
Julian Bream,1
Steve Perry,1
John Waite,1
Tippa Irie,1
Inner Circle,1
The Upsetters,1
Gene Watson,1
Classics IV,1
Chris Hillman,1
MK,1
Timmy Regisford,1
Boots Randolph,1
Rockpile,1
IsmaÃ«l LÃ´,1
Oscar Brand,1
Mulgrew Miller,1
Racer X,1
Ike Quebec,1
Paul Motian,1
Betty Buckley,1
The International Submarine Band,1
King Floyd,1
The Soul Survivors,1
Glenn Gould,1
Doug Kershaw,1
Martha Wash,1
Keith Hudson,1
Lisa Lisa,1
Bernie Worrell,1
Paul Weston,1
The Blasters,1
Diego Torres,1
Alexandre Pires,1
The West Coast Pop Art Experimental Band,1
Atlanta Rhythm Section,1
Jimmy Yancey,1
Charlie Watts,1
Paul Carrack,1
John Cooper Clarke,1
B-Movie,1
Mitch Miller & the Sing-Along Gang,1
Harold Land,1
Sneaky Pete Kleinow,1
Wilson Phillips,1
Damian Marley,1
54-40,1
Jaguares,1
Ozomatli,1
Molotov,1
Gustavo Santaolalla,1
Soda Stereo,1
Jocelyn Brown,1
RocÃ­o DÃºrcal,1
Half Pint,1
Jackie Gleason,1
Capleton,1
Marvelous 3,1
Brand X,1
Pete Steele,1
Denise LaSalle,1
Los Panchos,1
Titus Turner,1
Bobby CapÃ³,1
Kay Thompson,1
Mandy Patinkin,1
David Foster,1
Rod Temperton,1
Don Blackman,1
Gawvi,1
Christopher Cross,1
Rita Coolidge,1
George Morgan,1
Leonard Rosenman,1
Downset,1
The Shamen,1
Peter Sarstedt,1
Lafayette Afro Rock Band,1
Cymande,1
Mandrill,1
Cutty Ranks,1
Chantal Kreviazuk,1
Material Issue,1
Chris Cagle,1
Little Big Town,1
Cat Anderson,1
Cornershop,1
Mark O'Connor,1
Tim O'Brien,1
Scott Nygaard,1
Stuart Duncan,1
Jessie Hill,1
Israel & New Breed,1
Men of Standard,1
Tygers of Pan Tang,1
Maria Callas,1
Cindy Walker,1
Lakeside,1
The Marcels,1
M. Ward,1
Donavon Frankenreiter,1
DÃ³ris Monteiro,1
Soulwax,1
Shriekback,1
Five for Fighting,1
Duncan Sheik,1
Vikki Carr,1
Oysterhead,1
Rey Ruiz,1
Wilfrido Vargas,1
Hubert Laws,1
Buddy Clark,1
Jonah Jones,1
Edwyn Collins,1
Poe,1
Pure Prairie League,1
Haircut 100,1
fIREHOSE,1
Kix,1
Jimmy McPartland,1
The Chantays,1
Cowboy Mouth,1
New Grass Revival,1
Mecano,1
Della Reese,1
Manos Hadjidakis,1
Ugly Casanova,1
Rudy Ray Moore,1
Belinda Carlisle,1
Katrina & the Waves,1
Trouble,1
Ronnie Self,1
The Monotones,1
The Wild Tchoupitoulas,1
Tommy Lee,1
